"user_id","user_name"
"1","JamesMermaid8789"
"2","LindaDragon2157"
"3","JamesTiger8285"
"4","WilliamWolf7176"
"5","LindaTiger4225"
"6","MaryBear1176"
"7","MichaelTiger0503"
"8","LindaUnicorn6226"
"9","ElizabethLion3732"
"10","LindaTiger0578"
"11","JohnBear7246"
"12","MaryPhoenix9620"
"13","WilliamEagle4975"
"14","ElizabethBear0582"
"15","RobertTiger3629"
"16","RobertMermaid3313"
"17","JamesGriffin7096"
"18","RobertTiger6211"
"19","JamesMermaid0825"
"20","WilliamEagle1057"
"21","JenniferMermaid2350"
"22","MichaelDragon4762"
"23","PatriciaDragon3721"
"24","JenniferUnicorn7597"
"25","LindaDragon9710"
"26","PatriciaUnicorn7869"
"27","JohnTiger2479"
"28","RobertGriffin4413"
"29","JohnMermaid5697"
"30","PatriciaPhoenix3836"
"31","JohnUnicorn8313"
"32","ElizabethEagle9017"
"33","PatriciaPhoenix0040"
"34","MichaelPhoenix7120"
"35","MaryEagle3651"
"36","LindaMermaid8943"
"37","JenniferTiger4558"
"38","PatriciaGriffin9566"
"39","ElizabethMermaid4295"
"40","JenniferTiger7375"
"41","LindaLion9459"
"42","LindaGriffin7851"
"43","ElizabethWolf3587"
"44","LindaGriffin3035"
"45","MichaelBear5342"
"46","ElizabethLion1472"
"47","RobertUnicorn5954"
"48","PatriciaMermaid3698"
"49","JenniferBear0190"
"50","PatriciaMermaid3755"
"51","MichaelBear5014"
"52","MichaelUnicorn5369"
"53","MaryBear1739"
"54","WilliamLion1218"
"55","WilliamBear0708"
"56","LindaWolf1868"
"57","ElizabethMermaid3662"
"58","MichaelMermaid2039"
"59","JamesEagle7310"
"60","JenniferMermaid9570"
"61","WilliamGriffin7086"
"62","PatriciaBear6125"
"63","WilliamUnicorn5323"
"64","MaryMermaid0794"
"65","LindaDragon5844"
"66","WilliamBear1480"
"67","JenniferGriffin3925"
"68","RobertMermaid7605"
"69","LindaEagle5974"
"70","RobertEagle1203"
"71","LindaMermaid0631"
"72","MichaelWolf3647"
"73","RobertPhoenix5233"
"74","JamesPhoenix6765"
"75","WilliamMermaid0528"
"76","RobertEagle1978"
"77","PatriciaWolf7394"
"78","JenniferPhoenix6882"
"79","JohnMermaid7995"
"80","PatriciaWolf6038"
"81","PatriciaPhoenix5188"
"82","WilliamLion2335"
"83","MichaelPhoenix2178"
"84","MichaelEagle3498"
"85","RobertGriffin3901"
"86","ElizabethTiger5180"
"87","JenniferEagle4729"
"88","MaryBear1629"
"89","WilliamPhoenix2381"
"90","ElizabethEagle3377"
"91","LindaDragon8391"
"92","JohnEagle0669"
"93","JohnUnicorn0953"
"94","JamesDragon7386"
"95","PatriciaWolf4577"
"96","RobertDragon0291"
"97","WilliamEagle6815"
"98","ElizabethMermaid4189"
"99","JenniferDragon7027"
"100","WilliamDragon6968"
"101","JamesPhoenix6720"
"102","MaryMermaid1171"
"103","JamesMermaid6631"
"104","WilliamTiger4895"
"105","JenniferWolf9406"
"106","LindaLion1356"
"107","JenniferBear9901"
"108","ElizabethMermaid5670"
"109","PatriciaWolf5510"
"110","PatriciaLion9195"
"111","MaryWolf0715"
"112","MaryTiger1815"
"113","JamesUnicorn0178"
"114","MichaelMermaid8269"
"115","PatriciaPhoenix2251"
"116","RobertEagle2809"
"117","PatriciaMermaid6459"
"118","JamesPhoenix3058"
"119","JenniferTiger8211"
"120","RobertGriffin7485"
"121","JenniferDragon6125"
"122","MaryEagle3229"
"123","MaryEagle9451"
"124","JenniferDragon7676"
"125","MaryEagle1449"
"126","JohnLion6734"
"127","JamesLion4379"
"128","JenniferBear8911"
"129","MaryEagle6561"
"130","RobertWolf8116"
"131","JohnDragon8420"
"132","WilliamGriffin4843"
"133","RobertEagle9894"
"134","JenniferWolf4419"
"135","MichaelPhoenix7399"
"136","MichaelBear2365"
"137","RobertUnicorn7578"
"138","ElizabethWolf5309"
"139","LindaDragon0555"
"140","MaryWolf3668"
"141","PatriciaMermaid1615"
"142","LindaPhoenix8701"
"143","RobertEagle4509"
"144","ElizabethWolf7780"
"145","PatriciaEagle7855"
"146","JohnEagle0892"
"147","PatriciaPhoenix1338"
"148","MaryMermaid7883"
"149","JohnGriffin0419"
"150","JamesWolf3876"
"151","PatriciaMermaid3527"
"152","LindaUnicorn1418"
"153","JenniferUnicorn9110"
"154","MaryWolf1477"
"155","ElizabethTiger5867"
"156","ElizabethMermaid2538"
"157","PatriciaBear9605"
"158","LindaEagle0539"
"159","RobertMermaid6423"
"160","LindaUnicorn3826"
"161","MaryGriffin3240"
"162","JamesBear0021"
"163","JohnUnicorn6470"
"164","JamesPhoenix4132"
"165","MichaelUnicorn3451"
"166","RobertBear8145"
"167","WilliamLion8449"
"168","PatriciaEagle0122"
"169","LindaDragon9246"
"170","PatriciaLion9796"
"171","JenniferEagle4676"
"172","WilliamTiger5382"
"173","LindaDragon3053"
"174","WilliamTiger0310"
"175","JamesBear8339"
"176","JohnUnicorn5170"
"177","LindaGriffin2013"
"178","JohnEagle1900"
"179","MichaelMermaid0137"
"180","PatriciaUnicorn2802"
"181","JamesGriffin4529"
"182","ElizabethLion5741"
"183","ElizabethTiger5998"
"184","JohnEagle4002"
"185","MaryWolf3830"
"186","JenniferGriffin0452"
"187","ElizabethPhoenix6882"
"188","MaryMermaid4787"
"189","LindaGriffin0585"
"190","JenniferEagle8137"
"191","RobertPhoenix0050"
"192","PatriciaBear7805"
"193","WilliamLion1484"
"194","JohnPhoenix7666"
"195","WilliamDragon6728"
"196","JamesTiger9440"
"197","WilliamBear1074"
"198","WilliamMermaid3268"
"199","WilliamTiger5440"
"200","WilliamTiger1145"
"201","ElizabethPhoenix7424"
"202","PatriciaBear0921"
"203","WilliamTiger0297"
"204","JohnGriffin2103"
"205","PatriciaMermaid8513"
"206","ElizabethLion0894"
"207","PatriciaUnicorn0964"
"208","ElizabethDragon9688"
"209","PatriciaTiger5681"
"210","JenniferWolf9444"
"211","JohnPhoenix7586"
"212","MaryEagle8050"
"213","LindaEagle4115"
"214","PatriciaTiger7473"
"215","JohnEagle3396"
"216","PatriciaTiger1314"
"217","JamesPhoenix6916"
"218","RobertBear1454"
"219","JenniferWolf0699"
"220","PatriciaEagle6982"
"221","WilliamUnicorn3766"
"222","JenniferWolf9884"
"223","ElizabethPhoenix4679"
"224","JenniferLion0896"
"225","WilliamEagle3370"
"226","JenniferUnicorn6009"
"227","PatriciaBear8635"
"228","PatriciaMermaid3307"
"229","ElizabethPhoenix2161"
"230","JenniferEagle3539"
"231","JenniferMermaid0811"
"232","MichaelEagle4986"
"233","JenniferEagle0252"
"234","WilliamUnicorn7548"
"235","JamesPhoenix0170"
"236","ElizabethEagle4588"
"237","PatriciaPhoenix1893"
"238","MaryUnicorn5364"
"239","LindaPhoenix9806"
"240","LindaBear4746"
"241","RobertMermaid3627"
"242","MaryTiger7535"
"243","JenniferLion0173"
"244","ElizabethWolf8300"
"245","MaryUnicorn9029"
"246","LindaWolf6330"
"247","MichaelPhoenix2849"
"248","JenniferWolf0451"
"249","JohnDragon2704"
"250","MaryPhoenix7747"
"251","ElizabethDragon9708"
"252","MaryWolf7197"
"253","MichaelUnicorn1816"
"254","JamesEagle2825"
"255","ElizabethMermaid5433"
"256","LindaEagle9049"
"257","JohnPhoenix6428"
"258","JamesEagle1268"
"259","MichaelBear9403"
"260","MaryEagle0671"
"261","JenniferEagle9004"
"262","MaryWolf8821"
"263","JenniferEagle5699"
"264","MichaelTiger7304"
"265","MaryUnicorn9894"
"266","JamesDragon0717"
"267","JenniferWolf5552"
"268","JamesWolf3213"
"269","JohnEagle2207"
"270","MichaelUnicorn5427"
"271","JenniferTiger0670"
"272","LindaTiger6083"
"273","JohnPhoenix9926"
"274","LindaPhoenix5382"
"275","MaryDragon7552"
"276","WilliamGriffin2264"
"277","PatriciaTiger2953"
"278","ElizabethMermaid1513"
"279","JohnGriffin7593"
"280","JohnTiger8354"
"281","JenniferPhoenix3761"
"282","PatriciaDragon9136"
"283","MichaelDragon2814"
"284","LindaPhoenix7206"
"285","WilliamEagle4681"
"286","ElizabethTiger1603"
"287","JenniferUnicorn0241"
"288","LindaWolf2652"
"289","RobertTiger7501"
"290","MichaelEagle7304"
"291","JenniferTiger6219"
"292","MichaelTiger5899"
"293","JenniferMermaid3166"
"294","JenniferLion2147"
"295","JamesUnicorn3698"
"296","ElizabethWolf9221"
"297","PatriciaPhoenix7711"
"298","MichaelBear2938"
"299","WilliamUnicorn0276"
"300","PatriciaPhoenix5455"
"301","LindaEagle2054"
"302","JohnDragon9348"
"303","MichaelGriffin4054"
"304","LindaTiger7661"
"305","WilliamEagle3646"
"306","JamesLion2549"
"307","PatriciaMermaid5474"
"308","MichaelMermaid5233"
"309","RobertDragon9017"
"310","LindaLion5760"
"311","JohnWolf6366"
"312","JenniferUnicorn5190"
"313","JenniferTiger5290"
"314","LindaUnicorn8894"
"315","ElizabethUnicorn5263"
"316","RobertWolf3637"
"317","WilliamBear6129"
"318","RobertPhoenix3461"
"319","ElizabethWolf5409"
"320","LindaPhoenix0688"
"321","JamesWolf9616"
"322","MichaelBear2218"
"323","JamesWolf3387"
"324","ElizabethWolf5862"
"325","PatriciaGriffin4875"
"326","LindaLion0911"
"327","RobertUnicorn4575"
"328","MaryUnicorn6380"
"329","WilliamBear0330"
"330","LindaWolf6325"
"331","LindaDragon3009"
"332","JenniferMermaid5501"
"333","JamesTiger2297"
"334","MichaelTiger8839"
"335","MaryPhoenix9778"
"336","WilliamTiger9518"
"337","MichaelEagle3342"
"338","JohnDragon1540"
"339","PatriciaTiger7075"
"340","ElizabethTiger2533"
"341","JohnGriffin3915"
"342","JohnWolf7032"
"343","WilliamEagle3803"
"344","PatriciaDragon5758"
"345","MichaelPhoenix4442"
"346","MaryLion3973"
"347","ElizabethDragon1957"
"348","PatriciaPhoenix2057"
"349","JenniferDragon8802"
"350","JamesMermaid4115"
"351","PatriciaMermaid2023"
"352","PatriciaDragon2398"
"353","WilliamLion3914"
"354","RobertDragon6677"
"355","LindaPhoenix9205"
"356","MaryLion3799"
"357","PatriciaGriffin2598"
"358","MaryUnicorn7973"
"359","RobertTiger8753"
"360","MaryLion2999"
"361","RobertPhoenix8854"
"362","JohnLion1150"
"363","WilliamDragon6674"
"364","JohnLion9476"
"365","PatriciaUnicorn8561"
"366","PatriciaDragon6453"
"367","MaryDragon6744"
"368","PatriciaBear1601"
"369","JamesMermaid9025"
"370","JamesPhoenix2203"
"371","JohnDragon5233"
"372","RobertWolf8392"
"373","ElizabethBear9870"
"374","ElizabethMermaid9686"
"375","ElizabethMermaid0719"
"376","JohnUnicorn2149"
"377","ElizabethDragon6504"
"378","WilliamPhoenix4280"
"379","LindaBear8664"
"380","JenniferWolf0859"
"381","JenniferWolf0833"
"382","MaryTiger8920"
"383","MaryUnicorn2657"
"384","LindaMermaid6276"
"385","MaryDragon9114"
"386","JamesLion2413"
"387","JenniferBear6060"
"388","WilliamPhoenix8343"
"389","RobertEagle5765"
"390","JenniferDragon8743"
"391","JamesLion7221"
"392","JamesGriffin6041"
"393","JohnLion3698"
"394","ElizabethBear4415"
"395","WilliamUnicorn0851"
"396","RobertWolf3379"
"397","ElizabethLion5157"
"398","RobertEagle2319"
"399","LindaMermaid3904"
"400","LindaBear2918"
"401","MichaelWolf0186"
"402","PatriciaBear7653"
"403","WilliamWolf9470"
"404","MichaelEagle7396"
"405","JohnGriffin7922"
"406","RobertUnicorn2231"
"407","WilliamMermaid8579"
"408","RobertPhoenix7052"
"409","JamesGriffin5835"
"410","JamesBear2752"
"411","JenniferDragon6734"
"412","MichaelGriffin3467"
"413","JenniferMermaid9822"
"414","JohnBear9394"
"415","JenniferUnicorn1227"
"416","JamesPhoenix2808"
"417","JohnMermaid7238"
"418","LindaWolf5230"
"419","ElizabethGriffin2677"
"420","ElizabethEagle5087"
"421","WilliamEagle6813"
"422","ElizabethDragon5623"
"423","ElizabethPhoenix8099"
"424","JenniferGriffin7987"
"425","MichaelGriffin9331"
"426","WilliamGriffin7905"
"427","ElizabethDragon5108"
"428","JohnWolf1079"
"429","JamesLion9428"
"430","RobertWolf6198"
"431","ElizabethBear6064"
"432","RobertUnicorn9098"
"433","JamesBear6961"
"434","JamesPhoenix7646"
"435","JamesPhoenix8833"
"436","JamesMermaid6017"
"437","PatriciaEagle8331"
"438","MichaelPhoenix5023"
"439","WilliamBear4384"
"440","PatriciaMermaid7060"
"441","RobertPhoenix1408"
"442","ElizabethEagle4514"
"443","JohnLion3319"
"444","PatriciaEagle0494"
"445","LindaLion5623"
"446","JenniferWolf4386"
"447","MichaelEagle0777"
"448","MichaelGriffin1104"
"449","ElizabethTiger5031"
"450","PatriciaWolf6845"
"451","MichaelPhoenix9009"
"452","ElizabethGriffin5266"
"453","WilliamEagle7636"
"454","JenniferTiger2655"
"455","ElizabethEagle1687"
"456","ElizabethGriffin0336"
"457","JohnTiger8854"
"458","WilliamWolf3755"
"459","LindaWolf9681"
"460","JamesMermaid0400"
"461","JamesGriffin0595"
"462","WilliamTiger3761"
"463","LindaPhoenix5657"
"464","RobertEagle0472"
"465","JohnWolf0179"
"466","PatriciaGriffin4479"
"467","MichaelMermaid2699"
"468","ElizabethBear3397"
"469","WilliamEagle0348"
"470","MichaelWolf7034"
"471","ElizabethTiger0567"
"472","WilliamMermaid3325"
"473","RobertDragon7529"
"474","PatriciaPhoenix2733"
"475","JenniferEagle9977"
"476","PatriciaBear5628"
"477","WilliamTiger2010"
"478","MaryDragon6530"
"479","JamesBear8547"
"480","MaryUnicorn1747"
"481","MaryBear6126"
"482","JamesWolf8209"
"483","JamesGriffin2640"
"484","WilliamDragon2944"
"485","ElizabethWolf3414"
"486","LindaDragon3517"
"487","JohnPhoenix4531"
"488","JenniferBear1947"
"489","ElizabethWolf5633"
"490","RobertMermaid4702"
"491","JohnGriffin6932"
"492","JohnPhoenix5134"
"493","JohnPhoenix3878"
"494","JenniferEagle5962"
"495","MaryUnicorn8176"
"496","JenniferEagle3320"
"497","PatriciaTiger8741"
"498","RobertWolf2177"
"499","MaryUnicorn3118"
"500","MaryDragon5482"
"501","MaryPhoenix4668"
"502","WilliamWolf1293"
"503","ElizabethUnicorn6980"
"504","JohnGriffin5769"
"505","MichaelMermaid7047"
"506","JamesUnicorn8684"
"507","WilliamUnicorn5480"
"508","RobertUnicorn6994"
"509","JenniferTiger6823"
"510","RobertUnicorn7094"
"511","MichaelUnicorn9739"
"512","JenniferPhoenix9514"
"513","ElizabethPhoenix9134"
"514","JenniferUnicorn4373"
"515","ElizabethLion6619"
"516","PatriciaMermaid2543"
"517","PatriciaUnicorn1299"
"518","JohnUnicorn1441"
"519","LindaEagle9047"
"520","MaryDragon2329"
"521","LindaDragon0237"
"522","ElizabethBear4568"
"523","JenniferDragon6714"
"524","MichaelBear4921"
"525","PatriciaGriffin7915"
"526","JohnPhoenix9921"
"527","MaryPhoenix4564"
"528","JohnPhoenix0276"
"529","MaryUnicorn1418"
"530","PatriciaEagle1331"
"531","WilliamEagle5060"
"532","JenniferDragon1206"
"533","JohnPhoenix7936"
"534","MaryUnicorn8403"
"535","JohnUnicorn1680"
"536","RobertPhoenix3046"
"537","MichaelBear7699"
"538","WilliamPhoenix9503"
"539","MaryGriffin0296"
"540","WilliamGriffin1570"
"541","ElizabethDragon9287"
"542","PatriciaTiger5903"
"543","JohnBear8241"
"544","MichaelLion0813"
"545","PatriciaGriffin1240"
"546","MichaelDragon7750"
"547","MichaelEagle2687"
"548","JamesTiger1796"
"549","JohnEagle1181"
"550","RobertMermaid7076"
"551","ElizabethEagle7650"
"552","JenniferMermaid0688"
"553","JamesWolf9626"
"554","MichaelMermaid3447"
"555","MaryGriffin7515"
"556","JenniferPhoenix6307"
"557","JenniferEagle8920"
"558","RobertPhoenix0380"
"559","MichaelTiger0646"
"560","PatriciaLion8912"
"561","JenniferDragon1587"
"562","PatriciaGriffin2718"
"563","ElizabethBear7527"
"564","PatriciaGriffin8117"
"565","ElizabethDragon5961"
"566","MichaelDragon5673"
"567","RobertEagle5107"
"568","MaryUnicorn4965"
"569","ElizabethUnicorn4391"
"570","WilliamLion9430"
"571","JamesEagle4268"
"572","LindaDragon2450"
"573","MichaelWolf7010"
"574","RobertUnicorn4746"
"575","WilliamTiger1077"
"576","LindaBear0821"
"577","WilliamMermaid3751"
"578","PatriciaEagle3564"
"579","ElizabethPhoenix8554"
"580","JenniferDragon6633"
"581","WilliamLion1908"
"582","JohnEagle2052"
"583","MaryEagle5874"
"584","MaryUnicorn5413"
"585","LindaEagle1965"
"586","JamesBear1786"
"587","ElizabethUnicorn8037"
"588","PatriciaDragon4903"
"589","JamesTiger9266"
"590","MaryGriffin2818"
"591","JohnMermaid0304"
"592","JohnMermaid2341"
"593","WilliamEagle2900"
"594","ElizabethDragon8705"
"595","PatriciaLion8276"
"596","MichaelGriffin3156"
"597","PatriciaEagle0974"
"598","RobertGriffin0102"
"599","RobertWolf8347"
"600","LindaPhoenix0404"
"601","ElizabethEagle6267"
"602","MaryBear7264"
"603","LindaLion8749"
"604","WilliamBear2823"
"605","PatriciaPhoenix1904"
"606","RobertUnicorn1620"
"607","ElizabethWolf3670"
"608","JenniferDragon4879"
"609","JohnPhoenix4339"
"610","JohnBear3416"
"611","LindaPhoenix4721"
"612","LindaPhoenix7542"
"613","WilliamTiger1229"
"614","JenniferBear9609"
"615","JamesPhoenix8257"
"616","PatriciaWolf6854"
"617","WilliamPhoenix1071"
"618","MichaelEagle3942"
"619","MaryWolf2694"
"620","ElizabethPhoenix9622"
"621","JenniferMermaid8469"
"622","RobertDragon9043"
"623","MaryEagle0471"
"624","JenniferMermaid6378"
"625","WilliamPhoenix6213"
"626","PatriciaEagle2462"
"627","LindaLion9109"
"628","JenniferPhoenix0531"
"629","MichaelUnicorn4954"
"630","ElizabethEagle8969"
"631","RobertGriffin5862"
"632","MaryLion7939"
"633","PatriciaUnicorn8066"
"634","JenniferDragon3323"
"635","RobertTiger4085"
"636","WilliamUnicorn9907"
"637","MaryMermaid7300"
"638","JamesUnicorn4008"
"639","JohnEagle1189"
"640","PatriciaPhoenix7593"
"641","JohnGriffin2850"
"642","ElizabethWolf9336"
"643","WilliamLion3943"
"644","RobertGriffin2418"
"645","JenniferUnicorn5042"
"646","LindaBear0583"
"647","JamesPhoenix3269"
"648","ElizabethBear7236"
"649","ElizabethDragon2957"
"650","JenniferDragon3784"
"651","WilliamUnicorn4391"
"652","WilliamGriffin3657"
"653","MaryLion3634"
"654","MaryEagle7986"
"655","MichaelPhoenix7864"
"656","MaryEagle1095"
"657","JamesPhoenix8130"
"658","JohnWolf4051"
"659","LindaLion5881"
"660","PatriciaWolf7076"
"661","MaryLion3864"
"662","JohnLion9574"
"663","ElizabethPhoenix8959"
"664","JenniferWolf8603"
"665","JamesDragon4692"
"666","ElizabethDragon6695"
"667","JamesEagle0113"
"668","LindaMermaid1992"
"669","WilliamPhoenix7081"
"670","JenniferEagle5097"
"671","PatriciaGriffin3859"
"672","LindaUnicorn3428"
"673","ElizabethDragon1499"
"674","JamesWolf5232"
"675","LindaWolf5184"
"676","MichaelPhoenix6510"
"677","ElizabethTiger0797"
"678","PatriciaWolf1300"
"679","MichaelEagle2805"
"680","RobertDragon1572"
"681","JamesUnicorn8487"
"682","MaryDragon7788"
"683","JamesMermaid1350"
"684","LindaLion7335"
"685","JamesPhoenix9706"
"686","LindaGriffin8048"
"687","ElizabethUnicorn4556"
"688","LindaBear8470"
"689","ElizabethPhoenix5143"
"690","WilliamEagle1133"
"691","MaryUnicorn0784"
"692","WilliamLion4712"
"693","JohnDragon2695"
"694","MaryMermaid3691"
"695","LindaTiger1846"
"696","JenniferDragon7925"
"697","PatriciaWolf5552"
"698","MaryEagle2888"
"699","JamesEagle7582"
"700","MichaelBear9383"
"701","PatriciaGriffin9843"
"702","RobertTiger5419"
"703","PatriciaDragon3120"
"704","JamesPhoenix8700"
"705","MichaelDragon9975"
"706","MaryGriffin1696"
"707","JenniferEagle1674"
"708","JamesLion0408"
"709","RobertGriffin5279"
"710","JohnTiger7820"
"711","JamesMermaid2046"
"712","RobertMermaid5606"
"713","MaryMermaid2204"
"714","LindaLion7376"
"715","JenniferPhoenix6147"
"716","JenniferDragon0204"
"717","MaryPhoenix3366"
"718","LindaWolf3501"
"719","JamesUnicorn4569"
"720","JenniferWolf4193"
"721","MichaelLion2935"
"722","WilliamEagle2600"
"723","PatriciaTiger5825"
"724","LindaMermaid4917"
"725","MaryDragon1278"
"726","RobertLion7336"
"727","MaryEagle5341"
"728","WilliamMermaid0214"
"729","RobertTiger6990"
"730","ElizabethUnicorn1512"
"731","JamesDragon7983"
"732","JohnUnicorn1499"
"733","PatriciaWolf3631"
"734","ElizabethWolf8553"
"735","JamesTiger6574"
"736","ElizabethPhoenix1290"
"737","RobertUnicorn4953"
"738","RobertMermaid6873"
"739","JamesLion6414"
"740","PatriciaBear2489"
"741","MichaelBear1574"
"742","JenniferPhoenix1618"
"743","JenniferDragon6574"
"744","JenniferUnicorn2513"
"745","JenniferMermaid6264"
"746","LindaGriffin8577"
"747","JamesEagle2347"
"748","WilliamPhoenix8471"
"749","PatriciaUnicorn7596"
"750","LindaGriffin1926"
"751","RobertBear3609"
"752","RobertTiger6369"
"753","JohnDragon0911"
"754","RobertBear6655"
"755","LindaGriffin1813"
"756","ElizabethWolf6311"
"757","RobertPhoenix6122"
"758","MichaelEagle5633"
"759","ElizabethDragon5683"
"760","RobertWolf3089"
"761","MaryEagle4397"
"762","MaryEagle9913"
"763","JamesGriffin8115"
"764","JohnGriffin2657"
"765","JohnWolf7104"
"766","MichaelEagle2959"
"767","JohnBear1841"
"768","PatriciaMermaid4888"
"769","JohnUnicorn2186"
"770","JamesEagle3468"
"771","WilliamDragon6363"
"772","JamesDragon9305"
"773","JenniferWolf8769"
"774","JohnWolf6639"
"775","MichaelWolf0027"
"776","ElizabethUnicorn0535"
"777","ElizabethGriffin7111"
"778","MichaelWolf1692"
"779","JohnMermaid3674"
"780","WilliamUnicorn6274"
"781","PatriciaLion6646"
"782","PatriciaDragon2845"
"783","JohnBear2119"
"784","JenniferUnicorn1661"
"785","ElizabethDragon0797"
"786","MichaelEagle5113"
"787","PatriciaPhoenix2439"
"788","MaryWolf0929"
"789","LindaTiger2678"
"790","ElizabethMermaid5687"
"791","PatriciaMermaid5938"
"792","WilliamMermaid0048"
"793","LindaWolf9027"
"794","MichaelTiger5660"
"795","WilliamBear6960"
"796","JamesLion1006"
"797","WilliamDragon3616"
"798","LindaGriffin9592"
"799","MaryUnicorn5088"
"800","RobertGriffin5505"
"801","LindaLion8320"
"802","PatriciaPhoenix8285"
"803","RobertLion2546"
"804","JamesBear5651"
"805","WilliamPhoenix7192"
"806","MichaelWolf9338"
"807","RobertDragon4310"
"808","RobertWolf9923"
"809","MichaelMermaid8662"
"810","WilliamMermaid5833"
"811","JohnPhoenix1597"
"812","MichaelUnicorn9622"
"813","PatriciaUnicorn4606"
"814","RobertUnicorn5788"
"815","PatriciaGriffin3085"
"816","JenniferUnicorn2552"
"817","WilliamPhoenix4112"
"818","JamesLion2092"
"819","LindaMermaid6436"
"820","PatriciaBear3013"
"821","JamesWolf5808"
"822","MaryLion5841"
"823","WilliamPhoenix4104"
"824","PatriciaWolf7986"
"825","PatriciaLion7193"
"826","WilliamGriffin1408"
"827","RobertEagle1405"
"828","LindaUnicorn8769"
"829","JenniferMermaid1651"
"830","RobertBear8899"
"831","JamesPhoenix4065"
"832","JamesPhoenix5992"
"833","MichaelEagle7227"
"834","PatriciaPhoenix9440"
"835","JamesUnicorn4725"
"836","JenniferWolf7522"
"837","LindaBear3263"
"838","RobertEagle5943"
"839","WilliamGriffin9131"
"840","JohnDragon7207"
"841","RobertWolf3357"
"842","MichaelDragon7162"
"843","JohnMermaid2199"
"844","PatriciaDragon3884"
"845","LindaBear4571"
"846","WilliamWolf3372"
"847","MichaelPhoenix1072"
"848","JamesDragon9214"
"849","WilliamBear3983"
"850","JenniferDragon6231"
"851","MaryLion9215"
"852","PatriciaUnicorn4635"
"853","JenniferUnicorn3730"
"854","MaryMermaid6685"
"855","MichaelPhoenix5707"
"856","JohnPhoenix2081"
"857","LindaMermaid7132"
"858","MaryLion5399"
"859","PatriciaTiger5504"
"860","JamesPhoenix8376"
"861","RobertTiger5927"
"862","LindaGriffin8010"
"863","JohnWolf0434"
"864","JohnUnicorn8130"
"865","JenniferWolf6773"
"866","ElizabethDragon8811"
"867","MichaelPhoenix7953"
"868","JohnWolf0106"
"869","PatriciaEagle4620"
"870","ElizabethTiger4148"
"871","PatriciaMermaid8903"
"872","RobertMermaid5276"
"873","MichaelMermaid3584"
"874","PatriciaDragon3918"
"875","WilliamGriffin2778"
"876","JohnDragon5375"
"877","PatriciaUnicorn9228"
"878","ElizabethUnicorn9269"
"879","JohnUnicorn3235"
"880","MaryEagle7630"
"881","JohnWolf9063"
"882","ElizabethEagle1741"
"883","MaryTiger2219"
"884","RobertWolf8240"
"885","WilliamEagle7035"
"886","ElizabethUnicorn0222"
"887","MaryUnicorn9225"
"888","RobertBear4966"
"889","JamesBear0858"
"890","WilliamUnicorn9274"
"891","WilliamTiger7560"
"892","PatriciaWolf7740"
"893","MaryMermaid0359"
"894","LindaMermaid4663"
"895","PatriciaLion8196"
"896","JenniferGriffin8775"
"897","PatriciaTiger7490"
"898","JenniferWolf4370"
"899","JohnEagle5630"
"900","JamesGriffin3129"
"901","ElizabethUnicorn2925"
"902","JamesPhoenix1004"
"903","MaryBear6973"
"904","JenniferTiger4376"
"905","JenniferLion4388"
"906","MichaelUnicorn8719"
"907","JohnTiger1389"
"908","JohnWolf1225"
"909","JohnWolf2230"
"910","RobertWolf0222"
"911","JamesGriffin4406"
"912","WilliamWolf3933"
"913","MichaelGriffin3014"
"914","WilliamUnicorn1499"
"915","ElizabethLion0359"
"916","JamesLion8236"
"917","LindaGriffin8718"
"918","RobertBear7865"
"919","WilliamEagle3296"
"920","RobertGriffin3393"
"921","JamesDragon6520"
"922","MichaelEagle5765"
"923","WilliamWolf0759"
"924","RobertEagle7353"
"925","RobertLion2446"
"926","MichaelTiger1287"
"927","JamesMermaid1475"
"928","JohnLion0297"
"929","JamesTiger9282"
"930","JamesGriffin5880"
"931","MaryUnicorn4836"
"932","RobertEagle7148"
"933","WilliamEagle1739"
"934","ElizabethDragon6902"
"935","JohnUnicorn3626"
"936","JenniferUnicorn5915"
"937","MichaelPhoenix6588"
"938","JamesLion7461"
"939","MichaelWolf5523"
"940","MichaelMermaid7567"
"941","MaryTiger9971"
"942","JamesTiger2316"
"943","LindaGriffin2276"
"944","JenniferMermaid4302"
"945","JohnUnicorn4690"
"946","JenniferEagle1056"
"947","MaryGriffin7908"
"948","RobertWolf3788"
"949","JenniferUnicorn5753"
"950","JenniferMermaid4438"
"951","ElizabethMermaid5078"
"952","JenniferDragon2497"
"953","MichaelGriffin0721"
"954","JamesGriffin6713"
"955","ElizabethBear7175"
"956","RobertTiger7117"
"957","RobertMermaid8851"
"958","PatriciaWolf0698"
"959","PatriciaPhoenix8400"
"960","JenniferPhoenix2008"
"961","PatriciaMermaid5492"
"962","JamesPhoenix1183"
"963","JamesPhoenix6366"
"964","RobertTiger3523"
"965","ElizabethTiger0804"
"966","JenniferLion5748"
"967","MaryLion4201"
"968","JamesLion3402"
"969","PatriciaGriffin3494"
"970","ElizabethEagle6514"
"971","WilliamWolf2727"
"972","MichaelLion8078"
"973","JamesTiger6979"
"974","JohnLion7458"
"975","WilliamDragon5562"
"976","RobertEagle3830"
"977","WilliamMermaid0403"
"978","JenniferDragon1980"
"979","PatriciaWolf8857"
"980","LindaDragon9817"
"981","WilliamGriffin3705"
"982","RobertUnicorn6023"
"983","ElizabethUnicorn8076"
"984","ElizabethGriffin7094"
"985","WilliamPhoenix2575"
"986","JamesMermaid8572"
"987","RobertEagle6408"
"988","PatriciaGriffin4673"
"989","PatriciaWolf4582"
"990","ElizabethTiger4828"
"991","MichaelTiger2741"
"992","ElizabethDragon0254"
"993","MaryBear6585"
"994","JenniferMermaid8883"
"995","WilliamLion8246"
"996","JohnDragon9274"
"997","JohnWolf6994"
"998","MaryGriffin0030"
"999","JohnTiger4953"
"1000","RobertMermaid7220"
"1001","PatriciaMermaid9013"
"1002","JohnGriffin6118"
"1003","MaryDragon0422"
"1004","WilliamBear0460"
"1005","ElizabethLion2313"
"1006","MaryDragon0151"
"1007","LindaLion2231"
"1008","JamesMermaid0298"
"1009","RobertPhoenix8865"
"1010","LindaDragon7240"
"1011","RobertGriffin5005"
"1012","LindaLion0233"
"1013","JenniferEagle1714"
"1014","RobertLion6767"
"1015","JohnLion6504"
"1016","JohnDragon3828"
"1017","MichaelBear9836"